{
  "GB:IE": [
    -5.5,
    53.3
  ],
  "NO4:SE2": [
    13.71641,
    64.04621
  ],
  "GB:NO2": [
    3,
    57.5
  ],
  "SE3:SE4": [
    14.40946,
    57.31146
  ],
  "SE2:SE4": [
    16.12384,
    59.12607
  ],
  "DE:SE4": [
    13.32373,
    54.96522
  ],
  "DK1:SE4": [
    11.74809,
    57.16307
  ],
  "DK2:SE4": [
    12.66853,
    56.02816
  ],
  "FI:SE4": [
    18.48104,
    58.726
  ],
  "LV:SE4": [
    19.13265,
    57.11174
  ],
  "NO1:SE4": [
    12.15598,
    58.06831
  ],
  "NO2:SE4": [
    11.41149,
    58.12118
  ],
  "PL:SE4": [
    14.20392,
    54.65925
  ],
  "RU_KGD:SE4": [
    18.01394,
    55.33219
  ],
  "SE2:SE3": [
    14.55533,
    61.37474
  ],
  "DE:SE3": [
    12.4267,
    55.73341
  ],
  "DK1:SE3": [
    11.42471,
    57.52686
  ],
  "DK2:SE3": [
    12.2989,
    56.5613
  ],
  "EE:SE3": [
    20.62097,
    58.14807
  ],
  "FI:SE3": [
    19.36476,
    60.06979
  ],
  "LT:SE3": [
    19.94127,
    56.68497
  ],
  "LV:SE3": [
    20.21957,
    57.43825
  ],
  "NO1:SE3": [
    12.52253,
    60.25378
  ],
  "NO2:SE3": [
    10.79471,
    59.10892
  ],
  "NO3:SE3": [
    12.31565,
    62.33828
  ],
  "NO4:SE3": [
    12.86448,
    63.13897
  ],
  "NO5:SE3": [
    10.38119,
    59.69087
  ],
  "PL:SE3": [
    18.23217,
    55.87921
  ],
  "RU_KGD:SE3": [
    19.25304,
    55.9705
  ],
  "SE1:SE2": [
    19.54957,
    64.64671
  ],
  "FI:SE2": [
    21.13761,
    63.53884
  ],
  "NO1:SE2": [
    12.33565,
    62.11594
  ],
  "NO2:SE2": [
    11.30168,
    60.97461
  ],
  "NO3:SE2": [
    12.1681,
    63.05536
  ],
  "NO5:SE2": [
    10.95068,
    61.28587
  ],
  "FI:SE1": [
    23.45995,
    67.50993
  ],
  "NO3:SE1": [
    14.19148,
    65.20189
  ],
  "NO4:SE1": [
    18.28763,
    68.3951
  ],
  "AL:BA": [
    18.89929,
    42.39203
  ],
  "AL:BG": [
    21.45621,
    42.09334
  ],
  "AL:GR": [
    20.6313,
    40.11122
  ],
  "AL:HU": [
    19.05499,
    44.19918
  ],
  "AL:HR": [
    18.88848,
    42.2983
  ],
  "AL:IT_CALABRIA": [
    18.31878,
    39.81005
  ],
  "AL:IT_CSOUTH": [
    17.54658,
    40.4569
  ],
  "AL:IT_SOUTH": [
    18.89299,
    40.4179
  ],
  "AL:ME": [
    19.53764,
    42.37671
  ],
  "AL:MK": [
    20.53847,
    41.22403
  ],
  "AL:RO": [
    20.71281,
    43.68614
  ],
  "AL:RS": [
    20.2052,
    42.68653
  ],
  "AL:XK": [
    20.31843,
    42.28953
  ],
  "AM:AZ": [
    46.27513,
    39.58378
  ],
  "AM:GE": [
    44.10917,
    41.20142
  ],
  "AM:RU": [
    45.31185,
    41.75704
  ],
  "AM:TR": [
    43.73054,
    40.0929
  ],
  "AT:BA": [
    15.64396,
    45.9129
  ],
  "AT:CH": [
    10.11344,
    46.98223
  ],
  "AT:CZ": [
    14.94134,
    48.84589
  ],
  "AT:DE": [
    12.68321,
    47.65578
  ],
  "AT:FR": [
    8.82549,
    48.17831
  ],
  "AT:HU": [
    16.52556,
    47.64048
  ],
  "AT:HR": [
    16.12456,
    46.59338
  ],
  "AT:IT_CNORTH": [
    9.9739,
    45.66175
  ],
  "AT:IT_CSOUTH": [
    14.22194,
    44.63996
  ],
  "AT:IT_NORTH": [
    12.09826,
    47.0614
  ],
  "AT:LU": [
    7.94708,
    48.49529
  ],
  "AT:PL": [
    16.56917,
    49.44482
  ],
  "AT:RO": [
    18.65899,
    46.90822
  ],
  "AT:RS": [
    17.98938,
    46.81949
  ],
  "AT:SI": [
    15.2734,
    46.63108
  ],
  "AT:SK": [
    16.94447,
    48.33501
  ],
  "AZ:GE": [
    46.31914,
    41.14498
  ],
  "AZ:RU": [
    47.50848,
    41.24083
  ],
  "AZ:TR": [
    44.79165,
    39.67124
  ],
  "BA:BG": [
    20.98461,
    43.92227
  ],
  "BA:CZ": [
    16.93457,
    46.944
  ],
  "BA:DE": [
    14.41454,
    46.34151
  ],
  "BA:GR": [
    19.7408,
    41.72627
  ],
  "BA:HU": [
    17.80578,
    45.45353
  ],
  "BA:HR": [
    15.90578,
    45.21435
  ],
  "BA:IT_CALABRIA": [
    17.14697,
    41.50517
  ],
  "BA:IT_CNORTH": [
    14.67996,
    44.17708
  ],
  "BA:IT_CSOUTH": [
    15.48915,
    43.14304
  ],
  "BA:IT_NORTH": [
    14.85446,
    45.41112
  ],
  "BA:IT_SOUTH": [
    16.88772,
    42.36467
  ],
  "BA:ME": [
    18.71903,
    43.26094
  ],
  "BA:MK": [
    20.1242,
    42.81246
  ],
  "BA:RO": [
    19.847,
    45.44422
  ],
  "BA:RS": [
    19.2706,
    44.15986
  ],
  "BA:SI": [
    15.57736,
    45.33546
  ],
  "BA:SK": [
    17.78418,
    46.44169
  ],
  "BA:XK": [
    19.7534,
    43.14233
  ],
  "BE:CH": [
    6.40086,
    48.51819
  ],
  "BE:DE": [
    6.34389,
    50.45385
  ],
  "BE:FR": [
    4.0331,
    50.33373
  ],
  "BE:GB": [
    1.97282,
    51.23939
  ],
  "BE:IT_NORTH": [
    6.40626,
    47.73109
  ],
  "BE:LU": [
    5.77623,
    49.94511
  ],
  "BE:NL": [
    5.23438,
    51.33464
  ],
  "BY:EE": [
    27.63208,
    56.81418
  ],
  "BY:HU": [
    22.93943,
    49.96072
  ],
  "BY:LT": [
    25.60816,
    54.36455
  ],
  "BY:LV": [
    27.62291,
    55.86559
  ],
  "BY:MD": [
    28.24048,
    49.92709
  ],
  "BY:PL": [
    23.58668,
    52.55932
  ],
  "BY:RO": [
    26.93547,
    49.92709
  ],
  "BY:RU": [
    30.94052,
    54.71601
  ],
  "BY:RU_KGD": [
    23.12663,
    54.14735
  ],
  "BY:SK": [
    23.07263,
    50.29488
  ],
  "BY:UA": [
    28.85125,
    51.53443
  ],
  "BG:GR": [
    24.75178,
    41.38923
  ],
  "BG:HU": [
    21.91342,
    45.25317
  ],
  "BG:HR": [
    20.89641,
    44.58128
  ],
  "BG:ME": [
    21.34461,
    42.56989
  ],
  "BG:MD": [
    28.05688,
    44.72725
  ],
  "BG:MK": [
    22.87715,
    41.95439
  ],
  "BG:RO": [
    25.13999,
    43.70732
  ],
  "BG:RS": [
    22.87105,
    43.06486
  ],
  "BG:TR": [
    27.5519,
    41.93497
  ],
  "BG:UA": [
    28.12168,
    44.65784
  ],
  "BG:XK": [
    22.09522,
    42.62141
  ],
  "CH:CZ": [
    11.58132,
    48.16185
  ],
  "CH:DE": [
    8.89786,
    47.65558
  ],
  "CH:FR": [
    6.13588,
    46.38354
  ],
  "CH:HR": [
    11.99075,
    46.03411
  ],
  "CH:IT_CNORTH": [
    9.38889,
    45.15586
  ],
  "CH:IT_CSOUTH": [
    10.95311,
    44.53048
  ],
  "CH:IT_NORTH": [
    9.0252,
    45.96246
  ],
  "CH:LU": [
    6.67807,
    48.4774
  ],
  "CH:NL": [
    6.50347,
    49.12425
  ],
  "CH:SI": [
    11.92055,
    46.42337
  ],
  "CY:TR": [
    32.86133,
    35.71628
  ],
  "CZ:DE": [
    12.21033,
    50.10142
  ],
  "CZ:HU": [
    17.04617,
    48.30496
  ],
  "CZ:HR": [
    16.72937,
    47.55292
  ],
  "CZ:IT_NORTH": [
    13.8943,
    47.55571
  ],
  "CZ:PL": [
    16.87018,
    50.18419
  ],
  "CZ:RO": [
    19.15759,
    47.57797
  ],
  "CZ:RS": [
    18.43398,
    47.47135
  ],
  "CZ:SI": [
    16.31356,
    47.79549
  ],
  "CZ:SK": [
    18.12974,
    49.15853
  ],
  "CZ:UA": [
    20.4932,
    49.04769
  ],
  "DE:DK1": [
    8.74269,
    54.90154
  ],
  "DE:DK2": [
    12.01054,
    54.37092
  ],
  "DE:FR": [
    7.99266,
    49.01773
  ],
  "DE:HU": [
    15.08685,
    48.15219
  ],
  "DE:HR": [
    13.27153,
    46.50251
  ],
  "DE:IT_CNORTH": [
    10.0711,
    45.88929
  ],
  "DE:IT_NORTH": [
    11.28611,
    47.19372
  ],
  "DE:LU": [
    6.41685,
    49.82257
  ],
  "DE:NL": [
    6.68918,
    51.92298
  ],
  "DE:NO2": [
    8.39168,
    56.49934
  ],
  "DE:PL": [
    14.68236,
    52.20027
  ],
  "DE:SI": [
    13.37589,
    47.00689
  ],
  "DE:SK": [
    15.32895,
    48.56542
  ],
  "DK1:DK2": [
    10.91183,
    54.86125
  ],
  "DK1:NL": [
    7.92728,
    54.07079
  ],
  "DK1:NO1": [
    11.02511,
    58.32397
  ],
  "DK1:NO2": [
    8.37008,
    57.61272
  ],
  "DK1:NO5": [
    9.7255,
    58.93218
  ],
  "DK1:PL": [
    12.57445,
    54.52722
  ],
  "DK2:NO1": [
    11.95572,
    57.52471
  ],
  "DK2:NO2": [
    10.4581,
    57.3401
  ],
  "DK2:PL": [
    15.26595,
    54.57668
  ],
  "EE:FI": [
    24.52525,
    59.72786
  ],
  "EE:LT": [
    24.83845,
    57.20558
  ],
  "EE:LV": [
    26.50911,
    57.5187
  ],
  "EE:PL": [
    21.98807,
    56.16043
  ],
  "EE:RU": [
    27.46341,
    58.622
  ],
  "EE:RU_KGD": [
    21.63262,
    56.61597
  ],
  "ES:FR": [
    0.7695,
    42.85393
  ],
  "ES:IT_SARDINIA": [
    6.21186,
    40.30843
  ],
  "ES:PT": [
    -6.82807,
    40.40302
  ],
  "FI:LT": [
    22.89623,
    58.10931
  ],