{
  "SE3:SE4": [
    14.41189,
    57.30858
  ],
  "DK2:SE4": [
    12.66853,
    56.02816
  ],
  "SE2:SE3": [
    15.41628,
    61.31198
  ],
  "NO1:SE3": [
    12.44712,
    60.05129
  ],
  "NO3:SE3": [
    12.29826,
    62.2643
  ],
  "SE1:SE2": [
    18.16772,
    65.24389
  ],
  "NO1:SE2": [
    12.29826,
    62.2643
  ],
  "NO3:SE2": [
    12.21846,
    63.00057
  ],
  "NO4:SE2": [
    14.15772,
    64.19528
  ],
  "FI:SE1": [
    24.16164,
    65.82284
  ],
  "NO4:SE1": [
    20.2226,
    68.49028
  ],
  "AL:GR": [
    21.03681,
    40.64008
  ],
  "AL:ME": [
    19.39982,
    42.10446
  ],
  "AL:MK": [
    20.57601,
    41.09373
  ],
  "AL:RS": [
    20.2052,
    42.68653
  ],
  "AL:XK": [
    20.56881,
    41.87367
  ],
  "AM:AZ": [
    45.94063,
    40.27487
  ],
  "AM:GE": [
    44.19224,
    41.22969
  ],
  "AM:TR": [
    43.66664,
    40.11058
  ],
  "AT:CH": [
    9.8587,
    47.01555
  ],
  "AT:CZ": [
    14.69715,
    48.58974
  ],
  "AT:DE": [
    13.40473,
    48.37651
  ],
  "AT:HU": [
    16.42516,
    47.35043
  ],
  "AT:HR": [
    16.12456,
    46.59338
  ],
  "AT:IT_NORTH": [
    12.44712,
    46.67925
  ],
  "AT:SI": [
    14.53875,
    46.37872
  ],
  "AT:SK": [
    17.14877,
    48.00586
  ],
  "AZ:GE": [
    45.25065,
    41.44435
  ],
  "AZ:RU": [
    47.81388,
    41.19677
  ],
  "AZ:TR": [
    44.77545,
    39.70272
  ],
  "BA:HR": [
    16.34596,
    45.02062
  ],
  "BA:ME": [
    18.66439,
    43.2332
  ],
  "BA:RS": [
    19.17559,
    44.28648
  ],
  "BA:SI": [
    15.57736,
    45.33546
  ],
  "BE:DE": [
    5.99586,
    50.74925
  ],
  "BE:FR": [
    4.43344,
    49.9321
  ],
  "BE:LU": [
    5.71506,
    49.88201
  ],
  "BE:NL": [
    5.01305,
    51.47481
  ],
  "BY:LT": [
    25.74206,
    54.56881
  ],
  "BY:LV": [
    26.59527,
    55.66645
  ],
  "BY:PL": [
    23.92404,
    52.74275
  ],
  "BY:RU": [
    31.32571,
    54.22964
  ],
  "BY:UA": [
    29.6193,
    51.48626
  ],
  "BG:GR": [
    24.51085,
    41.5617
  ],
  "BG:MK": [
    22.84403,
    42.01392
  ],
  "BG:RO": [
    24.96445,
    43.74982
  ],
  "BG:RS": [
    22.35082,
    43.8085
  ],
  "BG:TR": [
    27.54568,
    41.90086
  ],
  "CH:DE": [
    8.60229,
    47.79406
  ],
  "CH:FR": [
    6.42786,
    46.76082
  ],
  "CH:IT_NORTH": [
    9.17109,
    46.18266
  ],
  "CZ:DE": [
    12.51193,
    50.38862
  ],
  "CZ:PL": [
    16.33516,
    50.37144
  ],
  "CZ:SK": [
    18.07398,
    49.04769
  ],
  "DE:DK1": [
    9.43749,
    54.81066
  ],
  "DE:DK2": [
    12.01054,
    54.37092
  ],
  "DE:FR": [
    6.83467,
    49.2094
  ],
  "DE:IT_NORTH": [
    11.28611,
    47.19372
  ],
  "DE:LU": [
    6.22266,
    49.88774
  ],
  "DE:NL": [
    6.80947,
    51.95994
  ],
  "DE:PL": [
    14.73315,
    51.51631
  ],
  "DK1:DK2": [
    10.91183,
    54.86125
  ],
  "EE:FI": [
    24.52525,
    59.72786
  ],
  "EE:LV": [
    25.26325,
    58.07496
  ],
  "EE:RU": [
    27.40887,
    58.75473
  ],
  "ES:FR": [
    -0.98101,
    42.957
  ],
  "ES:PT": [
    -7.55828,
    39.67982
  ],
  "FI:NO4": [
    20.54921,
    69.05992
  ],
  "FI:RU": [
    30.26572,
    63.82316
  ],
  "FR:GB": [
    1.46881,
    51.0004
  ],
  "FR:IT_NORTH": [
    7.02187,
    45.92507
  ],
  "FR:IT_SARDINIA": [
    9.22689,
    41.3177
  ],
  "FR:LU": [
    5.79066,
    49.53712
  ],
  "FR:NL": [
    3.27783,
    50.99826
  ],
  "GB:NIE": [
    -5.94186,
    55.26288
  ],
  "IE:NIE": [
    -7.30987,
    54.11516
  ],
  "GE:RU": [
    43.74944,
    42.59923
  ],
  "GE:TR": [
    41.52102,
    41.51447
  ],
  "GR:MK": [
    21.89722,
    41.08085
  ],
  "GR:TR": [
    26.04446,
    40.73882
  ],
  "HR:HU": [
    17.59158,
    45.93652
  ],
  "HU:RO": [
    21.50482,
    46.72361
  ],
  "HU:RS": [
    19.928,
    46.16406
  ],
  "HU:SI": [
    16.51517,
    46.50179
  ],
  "HU:SK": [
    19.48159,
    48.11176
  ],
  "HU:UA": [
    22.87643,
    47.94719
  ],
  "HR:IT_NORTH": [
    13.94546,
    45.57355
  ],
  "HR:ME": [
    18.43758,
    42.55916
  ],
  "HR:RS": [
    19.02249,
    44.85585
  ],
  "HR:SI": [
    15.25155,
    45.70754
  ],
  "IT_CALABRIA:IT_CSOUTH": [
    15.69616,
    39.98607
  ],
  "IT_CALABRIA:IT_SICILY": [
    15.61696,
    38.24087
  ],
  "IT_CALABRIA:IT_SOUTH": [
    16.35434,
    39.90324
  ],
  "IT_CNORTH:IT_CSOUTH": [
    12.90073,
    42.60925
  ],
  "IT_CNORTH:IT_NORTH": [
    11.20151,
    44.10473
  ],
  "IT_CSOUTH:IT_SOUTH": [
    14.38394,
    41.44149
  ],
  "IT_NORTH:SI": [
    13.63873,
    45.97899
  ],
  "LT:LV": [
    24.44604,
    56.26035
  ],
  "LT:PL": [
    22.76843,
    54.35558
  ],
  "LT:RU_KGD": [
    22.58123,
    55.05824
  ],
  "LU:NL": [
    5.99766,
    50.46232
  ],
  "LV:RU": [
    27.86131,
    57.28439
  ],
  "ME:RS": [
    19.6184,
    43.1688
  ],
  "ME:XK": [
    20.0252,
    42.72374
  ],
  "MD:RO": [
    28.02808,
    47.03273
  ],
  "MD:UA": [
    29.11889,
    47.53361
  ],
  "MK:RS": [
    21.56242,
    42.24575
  ],
  "MK:XK": [
    21.23841,
    42.09692
  ],
  "NO1:NO2": [
    8.83989,
    60.16148
  ],
  "NO1:NO3": [
    10.95671,
    62.62867
  ],
  "NO1:NO5": [
    8.10908,
    61.19902
  ],
  "NO2:NO5": [
    6.54138,
    60.14697
  ],
  "NO3:NO4": [
    12.92568,
    64.05903
  ],
  "NO3:NO5": [
    8.40428,
    61.48237
  ],
  "NO4:RU": [
    29.04194,
    69.01076
  ],
  "PL:RU_KGD": [
    21.25621,
    54.33228
  ],
  "PL:SK": [
    19.44199,
    49.60152
  ],
  "PL:UA": [
    24.12924,
    50.83941
  ],
  "RO:RS": [
    22.00522,
    44.6514
  ],
  "RO:UA": [
    26.17406,
    47.99298
  ],
  "RS:XK": [
    20.83881,
    43.17023
  ],
  "RU:UA": [
    35.28215,
    50.96105
  ],
  "SK:UA": [
    22.32202,
    48.69994
  ]
}