{
  "GB:IE": [
    -5.5,
    53.3
  ],
  "NO4:SE2": [
    13.71641,
    64.04621
  ],
  "SE3:SE4": [
    14.40946,
    57.31146
  ],
  "DK2:SE4": [
    12.66853,
    56.02816
  ],
  "SE2:SE3": [
    14.55533,
    61.37474
  ],
  "NO1:SE3": [
    12.52253,
    60.25378
  ],
  "NO3:SE3": [
    12.31565,
    62.33828
  ],
  "SE1:SE2": [
    19.54957,
    64.64671
  ],
  "NO1:SE2": [
    12.33565,
    62.11594
  ],
  "NO3:SE2": [
    12.1681,
    63.05536
  ],
  "FI:SE1": [
    23.45995,
    67.50993
  ],
  "NO4:SE1": [
    18.28763,
    68.3951
  ],
  "AL:GR": [
    20.6313,
    40.11122
  ],
  "AL:ME": [
    19.53764,
    42.37671
  ],
  "AL:MK": [
    20.53847,
    41.22403
  ],
  "AL:RS": [
    20.2052,
    42.68653
  ],
  "AL:XK": [
    20.31843,
    42.28953
  ],
  "AM:AZ": [
    46.27513,
    39.58378
  ],
  "AM:GE": [
    44.10917,
    41.20142
  ],
  "AM:TR": [
    43.73054,
    40.0929
  ],
  "AT:CH": [
    10.11344,
    46.98223
  ],
  "AT:CZ": [
    14.94134,
    48.84589
  ],
  "AT:DE": [
    12.68321,
    47.65578
  ],
  "AT:HU": [
    16.52556,
    47.64048
  ],
  "AT:HR": [
    16.12456,
    46.59338
  ],
  "AT:IT_NORTH": [
    12.09826,
    47.0614
  ],
  "AT:SI": [
    15.2734,
    46.63108
  ],
  "AT:SK": [
    16.94447,
    48.33501
  ],
  "AZ:GE": [
    46.31914,
    41.14498
  ],
  "AZ:RU": [
    47.50848,
    41.24083
  ],
  "AZ:TR": [
    44.79165,
    39.67124
  ],
  "BA:HR": [
    15.90578,
    45.21435
  ],
  "BA:ME": [
    18.71903,
    43.26094
  ],
  "BA:RS": [
    19.2706,
    44.15986
  ],
  "BA:SI": [
    15.57736,
    45.33546
  ],
  "BE:DE": [
    6.34389,
    50.45385
  ],
  "BE:FR": [
    4.0331,
    50.33373
  ],
  "BE:LU": [
    5.77623,
    49.94511
  ],
  "BE:NL": [
    5.23438,
    51.33464
  ],
  "BY:LT": [
    25.60816,
    54.36455
  ],
  "BY:LV": [
    27.62291,
    55.86559
  ],
  "BY:PL": [
    23.58668,
    52.55932
  ],
  "BY:RU": [
    30.94052,
    54.71601
  ],
  "BY:UA": [
    28.85125,
    51.53443
  ],
  "BG:GR": [
    24.75178,
    41.38923
  ],
  "BG:MK": [
    22.87715,
    41.95439
  ],
  "BG:RO": [
    25.13999,
    43.70732
  ],
  "BG:RS": [
    22.87105,
    43.06486
  ],
  "BG:TR": [
    27.5519,
    41.93497
  ],
  "CH:DE": [
    8.89786,
    47.65558
  ],
  "CH:FR": [
    6.13588,
    46.38354
  ],
  "CH:IT_NORTH": [
    9.0252,
    45.96246
  ],
  "CZ:DE": [
    12.21033,
    50.10142
  ],
  "CZ:PL": [
    16.87018,
    50.18419
  ],
  "CZ:SK": [
    18.12974,
    49.15853
  ],
  "DE:DK1": [
    8.74269,
    54.90154
  ],
  "DE:DK2": [
    12.01054,
    54.37092
  ],
  "DE:FR": [
    7.99266,
    49.01773
  ],
  "DE:IT_NORTH": [
    11.28611,
    47.19372
  ],
  "DE:LU": [
    6.41685,
    49.82257
  ],
  "DE:NL": [
    6.68918,
    51.92298
  ],
  "DE:PL": [
    14.68236,
    52.20027
  ],
  "DK1:DK2": [
    10.91183,
    54.86125
  ],
  "EE:FI": [
    24.52525,
    59.72786
  ],
  "EE:LV": [
    26.50911,
    57.5187
  ],
  "EE:RU": [
    27.46341,
    58.622
  ],
  "ES:FR": [
    0.7695,
    42.85393
  ],
  "ES:PT": [
    -6.82807,
    40.40302
  ],
  "FI:NO4": [
    25.37916,
    68.83901
  ],
  "FI:RU": [
    29.73065,
    65.51214
  ],
  "FR:GB": [
    1.46881,
    51.0004
  ],
  "FR:IT_NORTH": [
    6.7196,
    44.93912
  ],
  "FR:IT_SARDINIA": [
    9.22689,
    41.3177
  ],
  "FR:LU": [
    6.05529,
    49.44478
  ],
  "FR:NL": [
    3.27783,
    50.99826
  ],
  "GB:NIE": [
    -5.94186,
    55.26288
  ],
  "IE:NIE": [
    -8.12156,
    54.4805
  ],
  "GE:RU": [
    43.78859,
    42.75085
  ],
  "GE:TR": [
    42.29052,
    41.45404
  ],
  "GR:MK": [
    21.98999,
    41.10487
  ],
  "GR:TR": [
    26.41057,
    41.28617
  ],
  "HR:HU": [
    17.38748,
    45.95203
  ],
  "HU:RO": [
    21.58862,
    46.91701
  ],
  "HU:RS": [
    19.53858,
    46.1568
  ],
  "HU:SI": [
    16.34336,
    46.7559
  ],
  "HU:SK": [
    20.20525,
    48.23961
  ],
  "HU:UA": [
    22.4953,
    48.16279
  ],
  "HR:IT_NORTH": [
    13.94546,
    45.57355
  ],
  "HR:ME": [
    18.46638,
    42.48761
  ],
  "HR:RS": [
    19.22007,
    45.29469
  ],
  "HR:SI": [
    15.12383,
    45.43348
  ],
  "IT_CALABRIA:IT_CSOUTH": [
    15.69616,
    39.98607
  ],
  "IT_CALABRIA:IT_SICILY": [
    15.61696,
    38.24087
  ],
  "IT_CALABRIA:IT_SOUTH": [
    16.32125,
    40.00427
  ],
  "IT_CNORTH:IT_CSOUTH": [
    12.53962,
    42.42537
  ],
  "IT_CNORTH:IT_NORTH": [
    11.16429,
    44.10163
  ],
  "IT_CSOUTH:IT_SOUTH": [
    14.80637,
    41.445
  ],
  "IT_NORTH:SI": [
    13.48904,
    46.03225
  ],
  "LT:LV": [
    24.02875,
    56.279
  ],
  "LT:PL": [
    23.44646,
    54.10288
  ],
  "LT:RU_KGD": [
    22.73522,
    54.94649
  ],
  "LU:NL": [
    5.99766,
    50.46232
  ],
  "LV:RU": [
    27.90813,
    56.81427
  ],
  "ME:RS": [
    19.7732,
    43.14161
  ],
  "ME:XK": [
    20.09886,
    42.74742
  ],
  "MD:RO": [
    27.69971,
    47.28537
  ],
  "MD:UA": [
    29.56626,
    46.99967
  ],
  "MK:RS": [
    22.30222,
    42.34092
  ],
  "MK:XK": [
    21.01919,
    42.16433
  ],
  "NO1:NO2": [
    9.5545,
    59.90675
  ],
  "NO1:NO3": [
    9.6805,
    62.05552
  ],
  "NO1:NO5": [
    8.87788,
    60.79408
  ],
  "NO2:NO5": [
    7.61323,
    60.18857
  ],
  "NO3:NO4": [
    11.687,
    64.91599
  ],
  "NO3:NO5": [
    6.56788,
    61.06333
  ],
  "NO4:RU": [
    30.27351,
    69.59755
  ],
  "PL:RU_KGD": [
    19.67879,
    54.43738
  ],
  "PL:SK": [
    20.03598,
    49.1752
  ],
  "PL:UA": [
    24.09939,
    50.55749
  ],
  "RO:RS": [
    21.81165,
    44.67124
  ],
  "RO:UA": [
    24.87775,
    47.72222
  ],
  "RS:XK": [
    21.1514,
    43.01724
  ],
  "RU:UA": [
    36.78367,
    50.28362
  ],
  "SK:UA": [
    22.33315,
    48.71911
  ]
}